,PassengerId,Survived,Pclass,Age,SibSp,Parch,Fare,Cabin,Male,Female,Cherbourg,Queenstown,Southamptom
0,1,0,3,1.0,1,0,7.25,0,1,0,0,0,1
1,2,1,1,2.0,1,0,71.2833,C85,0,1,1,0,0
2,3,1,3,3.0,0,0,7.925,0,0,1,0,0,1
3,4,1,1,4.0,1,0,53.1,C123,0,1,0,0,1
4,5,0,3,5.0,0,0,8.05,0,1,0,0,0,1
5,6,0,3,6.0,0,0,8.4583,0,1,0,0,1,0
6,7,0,1,7.0,0,0,51.8625,E46,1,0,0,0,1
7,8,0,3,8.0,3,1,21.075,0,1,0,0,0,1
8,9,1,3,9.0,0,2,11.1333,0,0,1,0,0,1
9,10,1,2,10.0,1,0,30.0708,0,0,1,1,0,0
10,11,1,3,11.0,1,1,16.7,G6,0,1,0,0,1
11,12,1,1,12.0,0,0,26.55,C103,0,1,0,0,1
12,13,0,3,13.0,0,0,8.05,0,1,0,0,0,1
13,14,0,3,14.0,1,5,31.275,0,1,0,0,0,1
14,15,0,3,15.0,0,0,7.8542,0,0,1,0,0,1
15,16,1,2,16.0,0,0,16.0,0,0,1,0,0,1
16,17,0,3,17.0,4,1,29.125,0,1,0,0,1,0
17,18,1,2,18.0,0,0,13.0,0,1,0,0,0,1
18,19,0,3,19.0,1,0,18.0,0,0,1,0,0,1
19,20,1,3,20.0,0,0,7.225,0,0,1,1,0,0
20,21,0,2,21.0,0,0,26.0,0,1,0,0,0,1
21,22,1,2,22.0,0,0,13.0,D56,1,0,0,0,1
22,23,1,3,23.0,0,0,8.0292,0,0,1,0,1,0
23,24,1,1,24.0,0,0,35.5,A6,1,0,0,0,1
24,25,0,3,25.0,3,1,21.075,0,0,1,0,0,1
25,26,1,3,26.0,1,5,31.3875,0,0,1,0,0,1
26,27,0,3,27.0,0,0,7.225,0,1,0,1,0,0
27,28,0,1,28.0,3,2,263.0,C23 C25 C27,1,0,0,0,1
28,29,1,3,29.0,0,0,7.8792,0,0,1,0,1,0
29,30,0,3,30.0,0,0,7.8958,0,1,0,0,0,1
30,31,0,1,31.0,0,0,27.7208,0,1,0,1,0,0
31,32,1,1,32.0,1,0,146.5208,B78,0,1,1,0,0
32,33,1,3,33.0,0,0,7.75,0,0,1,0,1,0
33,34,0,2,34.0,0,0,10.5,0,1,0,0,0,1
34,35,0,1,35.0,1,0,82.1708,0,1,0,1,0,0
35,36,0,1,36.0,1,0,52.0,0,1,0,0,0,1
36,37,1,3,37.0,0,0,7.2292,0,1,0,1,0,0
37,38,0,3,38.0,0,0,8.05,0,1,0,0,0,1
38,39,0,3,39.0,2,0,18.0,0,0,1,0,0,1
39,40,1,3,40.0,1,0,11.2417,0,0,1,1,0,0
40,41,0,3,41.0,1,0,9.475,0,0,1,0,0,1
41,42,0,2,42.0,1,0,21.0,0,0,1,0,0,1
42,43,0,3,43.0,0,0,7.8958,0,1,0,1,0,0
43,44,1,2,44.0,1,2,41.5792,0,0,1,1,0,0
44,45,1,3,45.0,0,0,7.8792,0,0,1,0,1,0
45,46,0,3,46.0,0,0,8.05,0,1,0,0,0,1
46,47,0,3,47.0,1,0,15.5,0,1,0,0,1,0
47,48,1,3,48.0,0,0,7.75,0,0,1,0,1,0
48,49,0,3,49.0,2,0,21.6792,0,1,0,1,0,0
49,50,0,3,50.0,1,0,17.8,0,0,1,0,0,1
50,51,0,3,51.0,4,1,39.6875,0,1,0,0,0,1
51,52,0,3,52.0,0,0,7.8,0,1,0,0,0,1
52,53,1,1,53.0,1,0,76.7292,D33,0,1,1,0,0
53,54,1,2,54.0,1,0,26.0,0,0,1,0,0,1
54,55,0,1,55.0,0,1,61.9792,B30,1,0,1,0,0
55,56,1,1,56.0,0,0,35.5,C52,1,0,0,0,1
56,57,1,2,57.0,0,0,10.5,0,0,1,0,0,1
57,58,0,3,58.0,0,0,7.2292,0,1,0,1,0,0
58,59,1,2,59.0,1,2,27.75,0,0,1,0,0,1
59,60,0,3,60.0,5,2,46.9,0,1,0,0,0,1
60,61,0,3,61.0,0,0,7.2292,0,1,0,1,0,0
62,63,0,1,63.0,1,0,83.475,C83,1,0,0,0,1
63,64,0,3,64.0,3,2,27.9,0,1,0,0,0,1
64,65,0,1,65.0,0,0,27.7208,0,1,0,1,0,0
65,66,1,3,66.0,1,1,15.2458,0,1,0,1,0,0
66,67,1,2,67.0,0,0,10.5,F33,0,1,0,0,1
67,68,0,3,68.0,0,0,8.1583,0,1,0,0,0,1
68,69,1,3,69.0,4,2,7.925,0,0,1,0,0,1
69,70,0,3,70.0,2,0,8.6625,0,1,0,0,0,1
70,71,0,2,71.0,0,0,10.5,0,1,0,0,0,1
71,72,0,3,72.0,5,2,46.9,0,0,1,0,0,1
72,73,0,2,73.0,0,0,73.5,0,1,0,0,0,1
73,74,0,3,74.0,1,0,14.4542,0,1,0,1,0,0
74,75,1,3,75.0,0,0,56.4958,0,1,0,0,0,1
75,76,0,3,76.0,0,0,7.65,F G73,1,0,0,0,1
76,77,0,3,77.0,0,0,7.8958,0,1,0,0,0,1
77,78,0,3,78.0,0,0,8.05,0,1,0,0,0,1
78,79,1,2,79.0,0,2,29.0,0,1,0,0,0,1
79,80,1,3,80.0,0,0,12.475,0,0,1,0,0,1
80,81,0,3,81.0,0,0,9.0,0,1,0,0,0,1
81,82,1,3,82.0,0,0,9.5,0,1,0,0,0,1
82,83,1,3,83.0,0,0,7.7875,0,0,1,0,1,0
83,84,0,1,84.0,0,0,47.1,0,1,0,0,0,1
84,85,1,2,85.0,0,0,10.5,0,0,1,0,0,1
85,86,1,3,86.0,3,0,15.85,0,0,1,0,0,1
86,87,0,3,87.0,1,3,34.375,0,1,0,0,0,1
87,88,0,3,88.0,0,0,8.05,0,1,0,0,0,1
88,89,1,1,89.0,3,2,263.0,C23 C25 C27,0,1,0,0,1
89,90,0,3,90.0,0,0,8.05,0,1,0,0,0,1
90,91,0,3,91.0,0,0,8.05,0,1,0,0,0,1
91,92,0,3,92.0,0,0,7.8542,0,1,0,0,0,1
92,93,0,1,93.0,1,0,61.175,E31,1,0,0,0,1
93,94,0,3,94.0,1,2,20.575,0,1,0,0,0,1
94,95,0,3,95.0,0,0,7.25,0,1,0,0,0,1
95,96,0,3,96.0,0,0,8.05,0,1,0,0,0,1
96,97,0,1,97.0,0,0,34.6542,A5,1,0,1,0,0
97,98,1,1,98.0,0,1,63.3583,D10 D12,1,0,1,0,0
98,99,1,2,99.0,0,1,23.0,0,0,1,0,0,1
99,100,0,2,100.0,1,0,26.0,0,1,0,0,0,1
100,101,0,3,101.0,0,0,7.8958,0,0,1,0,0,1
101,102,0,3,102.0,0,0,7.8958,0,1,0,0,0,1
102,103,0,1,103.0,0,1,77.2875,D26,1,0,0,0,1
103,104,0,3,104.0,0,0,8.6542,0,1,0,0,0,1
104,105,0,3,105.0,2,0,7.925,0,1,0,0,0,1
105,106,0,3,106.0,0,0,7.8958,0,1,0,0,0,1
106,107,1,3,107.0,0,0,7.65,0,0,1,0,0,1
107,108,1,3,108.0,0,0,7.775,0,1,0,0,0,1
108,109,0,3,109.0,0,0,7.8958,0,1,0,0,0,1
109,110,1,3,110.0,1,0,24.15,0,0,1,0,1,0
110,111,0,1,111.0,0,0,52.0,C110,1,0,0,0,1
111,112,0,3,112.0,1,0,14.4542,0,0,1,1,0,0
112,113,0,3,113.0,0,0,8.05,0,1,0,0,0,1
113,114,0,3,114.0,1,0,9.825,0,0,1,0,0,1
114,115,0,3,115.0,0,0,14.4583,0,0,1,1,0,0
115,116,0,3,116.0,0,0,7.925,0,1,0,0,0,1
116,117,0,3,117.0,0,0,7.75,0,1,0,0,1,0
117,118,0,2,118.0,1,0,21.0,0,1,0,0,0,1
118,119,0,1,119.0,0,1,247.5208,B58 B60,1,0,1,0,0
119,120,0,3,120.0,4,2,31.275,0,0,1,0,0,1
120,121,0,2,121.0,2,0,73.5,0,1,0,0,0,1
121,122,0,3,122.0,0,0,8.05,0,1,0,0,0,1
122,123,0,2,123.0,1,0,30.0708,0,1,0,1,0,0
123,124,1,2,124.0,0,0,13.0,E101,0,1,0,0,1
124,125,0,1,125.0,0,1,77.2875,D26,1,0,0,0,1
125,126,1,3,126.0,1,0,11.2417,0,1,0,1,0,0
126,127,0,3,127.0,0,0,7.75,0,1,0,0,1,0
127,128,1,3,128.0,0,0,7.1417,0,1,0,0,0,1
128,129,1,3,129.0,1,1,22.3583,F E69,0,1,1,0,0
129,130,0,3,130.0,0,0,6.975,0,1,0,0,0,1
130,131,0,3,131.0,0,0,7.8958,0,1,0,1,0,0
131,132,0,3,132.0,0,0,7.05,0,1,0,0,0,1
132,133,0,3,133.0,1,0,14.5,0,0,1,0,0,1
133,134,1,2,134.0,1,0,26.0,0,0,1,0,0,1
134,135,0,2,135.0,0,0,13.0,0,1,0,0,0,1
135,136,0,2,136.0,0,0,15.0458,0,1,0,1,0,0
136,137,1,1,137.0,0,2,26.2833,D47,0,1,0,0,1
137,138,0,1,138.0,1,0,53.1,C123,1,0,0,0,1
138,139,0,3,139.0,0,0,9.2167,0,1,0,0,0,1
139,140,0,1,140.0,0,0,79.2,B86,1,0,1,0,0
140,141,0,3,141.0,0,2,15.2458,0,0,1,1,0,0
141,142,1,3,142.0,0,0,7.75,0,0,1,0,0,1
142,143,1,3,143.0,1,0,15.85,0,0,1,0,0,1
143,144,0,3,144.0,0,0,6.75,0,1,0,0,1,0
144,145,0,2,145.0,0,0,11.5,0,1,0,0,0,1
145,146,0,2,146.0,1,1,36.75,0,1,0,0,0,1
146,147,1,3,147.0,0,0,7.7958,0,1,0,0,0,1
147,148,0,3,148.0,2,2,34.375,0,0,1,0,0,1
148,149,0,2,149.0,0,2,26.0,F2,1,0,0,0,1
149,150,0,2,150.0,0,0,13.0,0,1,0,0,0,1
150,151,0,2,151.0,0,0,12.525,0,1,0,0,0,1
151,152,1,1,152.0,1,0,66.6,C2,0,1,0,0,1
152,153,0,3,153.0,0,0,8.05,0,1,0,0,0,1
153,154,0,3,154.0,0,2,14.5,0,1,0,0,0,1
154,155,0,3,155.0,0,0,7.3125,0,1,0,0,0,1
155,156,0,1,156.0,0,1,61.3792,0,1,0,1,0,0
156,157,1,3,157.0,0,0,7.7333,0,0,1,0,1,0
157,158,0,3,158.0,0,0,8.05,0,1,0,0,0,1
158,159,0,3,159.0,0,0,8.6625,0,1,0,0,0,1
159,160,0,3,160.0,8,2,69.55,0,1,0,0,0,1
160,161,0,3,161.0,0,1,16.1,0,1,0,0,0,1
161,162,1,2,162.0,0,0,15.75,0,0,1,0,0,1
162,163,0,3,163.0,0,0,7.775,0,1,0,0,0,1
163,164,0,3,164.0,0,0,8.6625,0,1,0,0,0,1
164,165,0,3,165.0,4,1,39.6875,0,1,0,0,0,1
165,166,1,3,166.0,0,2,20.525,0,1,0,0,0,1
166,167,1,1,167.0,0,1,55.0,E33,0,1,0,0,1
167,168,0,3,168.0,1,4,27.9,0,0,1,0,0,1
168,169,0,1,169.0,0,0,25.925,0,1,0,0,0,1
169,170,0,3,170.0,0,0,56.4958,0,1,0,0,0,1
170,171,0,1,171.0,0,0,33.5,B19,1,0,0,0,1
171,172,0,3,172.0,4,1,29.125,0,1,0,0,1,0
172,173,1,3,173.0,1,1,11.1333,0,0,1,0,0,1
173,174,0,3,174.0,0,0,7.925,0,1,0,0,0,1
174,175,0,1,175.0,0,0,30.6958,A7,1,0,1,0,0
175,176,0,3,176.0,1,1,7.8542,0,1,0,0,0,1
176,177,0,3,177.0,3,1,25.4667,0,1,0,0,0,1
177,178,0,1,178.0,0,0,28.7125,C49,0,1,1,0,0
178,179,0,2,179.0,0,0,13.0,0,1,0,0,0,1
179,180,0,3,180.0,0,0,0.0,0,1,0,0,0,1
180,181,0,3,181.0,8,2,69.55,0,0,1,0,0,1
181,182,0,2,182.0,0,0,15.05,0,1,0,1,0,0
182,183,0,3,183.0,4,2,31.3875,0,1,0,0,0,1
183,184,1,2,184.0,2,1,39.0,F4,1,0,0,0,1
184,185,1,3,185.0,0,2,22.025,0,0,1,0,0,1
185,186,0,1,186.0,0,0,50.0,A32,1,0,0,0,1
186,187,1,3,187.0,1,0,15.5,0,0,1,0,1,0
187,188,1,1,188.0,0,0,26.55,0,1,0,0,0,1
188,189,0,3,189.0,1,1,15.5,0,1,0,0,1,0
189,190,0,3,190.0,0,0,7.8958,0,1,0,0,0,1
190,191,1,2,191.0,0,0,13.0,0,0,1,0,0,1
191,192,0,2,192.0,0,0,13.0,0,1,0,0,0,1
192,193,1,3,193.0,1,0,7.8542,0,0,1,0,0,1
193,194,1,2,194.0,1,1,26.0,F2,1,0,0,0,1
194,195,1,1,195.0,0,0,27.7208,B4,0,1,1,0,0
195,196,1,1,196.0,0,0,146.5208,B80,0,1,1,0,0
196,197,0,3,197.0,0,0,7.75,0,1,0,0,1,0
197,198,0,3,198.0,0,1,8.4042,0,1,0,0,0,1
198,199,1,3,199.0,0,0,7.75,0,0,1,0,1,0
199,200,0,2,200.0,0,0,13.0,0,0,1,0,0,1
200,201,0,3,201.0,0,0,9.5,0,1,0,0,0,1
201,202,0,3,202.0,8,2,69.55,0,1,0,0,0,1
202,203,0,3,203.0,0,0,6.4958,0,1,0,0,0,1
203,204,0,3,204.0,0,0,7.225,0,1,0,1,0,0
204,205,1,3,205.0,0,0,8.05,0,1,0,0,0,1
205,206,0,3,206.0,0,1,10.4625,G6,0,1,0,0,1
206,207,0,3,207.0,1,0,15.85,0,1,0,0,0,1
207,208,1,3,208.0,0,0,18.7875,0,1,0,1,0,0
208,209,1,3,209.0,0,0,7.75,0,0,1,0,1,0
209,210,1,1,210.0,0,0,31.0,A31,1,0,1,0,0
210,211,0,3,211.0,0,0,7.05,0,1,0,0,0,1
211,212,1,2,212.0,0,0,21.0,0,0,1,0,0,1
212,213,0,3,213.0,0,0,7.25,0,1,0,0,0,1
213,214,0,2,214.0,0,0,13.0,0,1,0,0,0,1
214,215,0,3,215.0,1,0,7.75,0,1,0,0,1,0
215,216,1,1,216.0,1,0,113.275,D36,0,1,1,0,0
216,217,1,3,217.0,0,0,7.925,0,0,1,0,0,1
217,218,0,2,218.0,1,0,27.0,0,1,0,0,0,1
218,219,1,1,219.0,0,0,76.2917,D15,0,1,1,0,0
219,220,0,2,220.0,0,0,10.5,0,1,0,0,0,1
220,221,1,3,221.0,0,0,8.05,0,1,0,0,0,1
221,222,0,2,222.0,0,0,13.0,0,1,0,0,0,1
222,223,0,3,223.0,0,0,8.05,0,1,0,0,0,1
223,224,0,3,224.0,0,0,7.8958,0,1,0,0,0,1
224,225,1,1,225.0,1,0,90.0,C93,1,0,0,0,1
225,226,0,3,226.0,0,0,9.35,0,1,0,0,0,1
226,227,1,2,227.0,0,0,10.5,0,1,0,0,0,1
227,228,0,3,228.0,0,0,7.25,0,1,0,0,0,1
228,229,0,2,229.0,0,0,13.0,0,1,0,0,0,1
229,230,0,3,230.0,3,1,25.4667,0,0,1,0,0,1
230,231,1,1,231.0,1,0,83.475,C83,0,1,0,0,1
231,232,0,3,232.0,0,0,7.775,0,1,0,0,0,1
232,233,0,2,233.0,0,0,13.5,0,1,0,0,0,1
233,234,1,3,234.0,4,2,31.3875,0,0,1,0,0,1
234,235,0,2,235.0,0,0,10.5,0,1,0,0,0,1
235,236,0,3,236.0,0,0,7.55,0,0,1,0,0,1
236,237,0,2,237.0,1,0,26.0,0,1,0,0,0,1
237,238,1,2,238.0,0,2,26.25,0,0,1,0,0,1
238,239,0,2,239.0,0,0,10.5,0,1,0,0,0,1
239,240,0,2,240.0,0,0,12.275,0,1,0,0,0,1
240,241,0,3,241.0,1,0,14.4542,0,0,1,1,0,0
241,242,1,3,242.0,1,0,15.5,0,0,1,0,1,0
242,243,0,2,243.0,0,0,10.5,0,1,0,0,0,1
243,244,0,3,244.0,0,0,7.125,0,1,0,0,0,1
244,245,0,3,245.0,0,0,7.225,0,1,0,1,0,0
245,246,0,1,246.0,2,0,90.0,C78,1,0,0,1,0
246,247,0,3,247.0,0,0,7.775,0,0,1,0,0,1
247,248,1,2,248.0,0,2,14.5,0,0,1,0,0,1
248,249,1,1,249.0,1,1,52.5542,D35,1,0,0,0,1
249,250,0,2,250.0,1,0,26.0,0,1,0,0,0,1
250,251,0,3,251.0,0,0,7.25,0,1,0,0,0,1
251,252,0,3,252.0,1,1,10.4625,G6,0,1,0,0,1
252,253,0,1,253.0,0,0,26.55,C87,1,0,0,0,1
253,254,0,3,254.0,1,0,16.1,0,1,0,0,0,1
254,255,0,3,255.0,0,2,20.2125,0,0,1,0,0,1
255,256,1,3,256.0,0,2,15.2458,0,0,1,1,0,0
256,257,1,1,257.0,0,0,79.2,0,0,1,1,0,0
257,258,1,1,258.0,0,0,86.5,B77,0,1,0,0,1
258,259,1,1,259.0,0,0,512.3292,0,0,1,1,0,0
259,260,1,2,260.0,0,1,26.0,0,0,1,0,0,1
260,261,0,3,261.0,0,0,7.75,0,1,0,0,1,0
261,262,1,3,262.0,4,2,31.3875,0,1,0,0,0,1
262,263,0,1,263.0,1,1,79.65,E67,1,0,0,0,1
263,264,0,1,264.0,0,0,0.0,B94,1,0,0,0,1
264,265,0,3,265.0,0,0,7.75,0,0,1,0,1,0
265,266,0,2,266.0,0,0,10.5,0,1,0,0,0,1
266,267,0,3,267.0,4,1,39.6875,0,1,0,0,0,1
267,268,1,3,268.0,1,0,7.775,0,1,0,0,0,1
268,269,1,1,269.0,0,1,153.4625,C125,0,1,0,0,1
269,270,1,1,270.0,0,0,135.6333,C99,0,1,0,0,1
270,271,0,1,271.0,0,0,31.0,0,1,0,0,0,1
271,272,1,3,272.0,0,0,0.0,0,1,0,0,0,1
272,273,1,2,273.0,0,1,19.5,0,0,1,0,0,1
273,274,0,1,274.0,0,1,29.7,C118,1,0,1,0,0
274,275,1,3,275.0,0,0,7.75,0,0,1,0,1,0
275,276,1,1,276.0,1,0,77.9583,D7,0,1,0,0,1
276,277,0,3,277.0,0,0,7.75,0,0,1,0,0,1
277,278,0,2,278.0,0,0,0.0,0,1,0,0,0,1
278,279,0,3,279.0,4,1,29.125,0,1,0,0,1,0
279,280,1,3,280.0,1,1,20.25,0,0,1,0,0,1
280,281,0,3,281.0,0,0,7.75,0,1,0,0,1,0
281,282,0,3,282.0,0,0,7.8542,0,1,0,0,0,1
282,283,0,3,283.0,0,0,9.5,0,1,0,0,0,1
283,284,1,3,284.0,0,0,8.05,0,1,0,0,0,1
284,285,0,1,285.0,0,0,26.0,A19,1,0,0,0,1
285,286,0,3,286.0,0,0,8.6625,0,1,0,1,0,0
286,287,1,3,287.0,0,0,9.5,0,1,0,0,0,1
287,288,0,3,288.0,0,0,7.8958,0,1,0,0,0,1
288,289,1,2,289.0,0,0,13.0,0,1,0,0,0,1
289,290,1,3,290.0,0,0,7.75,0,0,1,0,1,0
290,291,1,1,291.0,0,0,78.85,0,0,1,0,0,1
291,292,1,1,292.0,1,0,91.0792,B49,0,1,1,0,0
292,293,0,2,293.0,0,0,12.875,D,1,0,1,0,0
293,294,0,3,294.0,0,0,8.85,0,0,1,0,0,1
294,295,0,3,295.0,0,0,7.8958,0,1,0,0,0,1
295,296,0,1,296.0,0,0,27.7208,0,1,0,1,0,0
296,297,0,3,297.0,0,0,7.2292,0,1,0,1,0,0
297,298,0,1,298.0,1,2,151.55,C22 C26,0,1,0,0,1
298,299,1,1,299.0,0,0,30.5,C106,1,0,0,0,1
299,300,1,1,300.0,0,1,247.5208,B58 B60,0,1,1,0,0
300,301,1,3,301.0,0,0,7.75,0,0,1,0,1,0
301,302,1,3,302.0,2,0,23.25,0,1,0,0,1,0
302,303,0,3,303.0,0,0,0.0,0,1,0,0,0,1
303,304,1,2,304.0,0,0,12.35,E101,0,1,0,1,0
304,305,0,3,305.0,0,0,8.05,0,1,0,0,0,1
305,306,1,1,306.0,1,2,151.55,C22 C26,1,0,0,0,1
306,307,1,1,307.0,0,0,110.8833,0,0,1,1,0,0
307,308,1,1,308.0,1,0,108.9,C65,0,1,1,0,0
308,309,0,2,309.0,1,0,24.0,0,1,0,1,0,0
309,310,1,1,310.0,0,0,56.9292,E36,0,1,1,0,0
310,311,1,1,311.0,0,0,83.1583,C54,0,1,1,0,0
311,312,1,1,312.0,2,2,262.375,B57 B59 B63 B66,0,1,1,0,0
312,313,0,2,313.0,1,1,26.0,0,0,1,0,0,1
313,314,0,3,314.0,0,0,7.8958,0,1,0,0,0,1
314,315,0,2,315.0,1,1,26.25,0,1,0,0,0,1
315,316,1,3,316.0,0,0,7.8542,0,0,1,0,0,1
316,317,1,2,317.0,1,0,26.0,0,0,1,0,0,1
317,318,0,2,318.0,0,0,14.0,0,1,0,0,0,1
318,319,1,1,319.0,0,2,164.8667,C7,0,1,0,0,1
319,320,1,1,320.0,1,1,134.5,E34,0,1,1,0,0
320,321,0,3,321.0,0,0,7.25,0,1,0,0,0,1
321,322,0,3,322.0,0,0,7.8958,0,1,0,0,0,1
322,323,1,2,323.0,0,0,12.35,0,0,1,0,1,0
323,324,1,2,324.0,1,1,29.0,0,0,1,0,0,1
324,325,0,3,325.0,8,2,69.55,0,1,0,0,0,1
325,326,1,1,326.0,0,0,135.6333,C32,0,1,1,0,0
326,327,0,3,327.0,0,0,6.2375,0,1,0,0,0,1
327,328,1,2,328.0,0,0,13.0,D,0,1,0,0,1
328,329,1,3,329.0,1,1,20.525,0,0,1,0,0,1
329,330,1,1,330.0,0,1,57.9792,B18,0,1,1,0,0
330,331,1,3,331.0,2,0,23.25,0,0,1,0,1,0
331,332,0,1,332.0,0,0,28.5,C124,1,0,0,0,1
332,333,0,1,333.0,0,1,153.4625,C91,1,0,0,0,1
333,334,0,3,334.0,2,0,18.0,0,1,0,0,0,1
334,335,1,1,335.0,1,0,133.65,0,0,1,0,0,1
335,336,0,3,336.0,0,0,7.8958,0,1,0,0,0,1
336,337,0,1,337.0,1,0,66.6,C2,1,0,0,0,1
337,338,1,1,338.0,0,0,134.5,E40,0,1,1,0,0
338,339,1,3,339.0,0,0,8.05,0,1,0,0,0,1
339,340,0,1,340.0,0,0,35.5,T,1,0,0,0,1
340,341,1,2,341.0,1,1,26.0,F2,1,0,0,0,1
341,342,1,1,342.0,3,2,263.0,C23 C25 C27,0,1,0,0,1
342,343,0,2,343.0,0,0,13.0,0,1,0,0,0,1
343,344,0,2,344.0,0,0,13.0,0,1,0,0,0,1
344,345,0,2,345.0,0,0,13.0,0,1,0,0,0,1
345,346,1,2,346.0,0,0,13.0,F33,0,1,0,0,1
346,347,1,2,347.0,0,0,13.0,0,0,1,0,0,1
347,348,1,3,348.0,1,0,16.1,0,0,1,0,0,1
348,349,1,3,349.0,1,1,15.9,0,1,0,0,0,1
349,350,0,3,350.0,0,0,8.6625,0,1,0,0,0,1
350,351,0,3,351.0,0,0,9.225,0,1,0,0,0,1
351,352,0,1,352.0,0,0,35.0,C128,1,0,0,0,1
352,353,0,3,353.0,1,1,7.2292,0,1,0,1,0,0
353,354,0,3,354.0,1,0,17.8,0,1,0,0,0,1
354,355,0,3,355.0,0,0,7.225,0,1,0,1,0,0
355,356,0,3,356.0,0,0,9.5,0,1,0,0,0,1
356,357,1,1,357.0,0,1,55.0,E33,0,1,0,0,1
357,358,0,2,358.0,0,0,13.0,0,0,1,0,0,1
358,359,1,3,359.0,0,0,7.8792,0,0,1,0,1,0
359,360,1,3,360.0,0,0,7.8792,0,0,1,0,1,0
360,361,0,3,361.0,1,4,27.9,0,1,0,0,0,1
361,362,0,2,362.0,1,0,27.7208,0,1,0,1,0,0
362,363,0,3,363.0,0,1,14.4542,0,0,1,1,0,0
363,364,0,3,364.0,0,0,7.05,0,1,0,0,0,1
364,365,0,3,365.0,1,0,15.5,0,1,0,0,1,0
365,366,0,3,366.0,0,0,7.25,0,1,0,0,0,1
366,367,1,1,367.0,1,0,75.25,D37,0,1,1,0,0
367,368,1,3,368.0,0,0,7.2292,0,0,1,1,0,0
368,369,1,3,369.0,0,0,7.75,0,0,1,0,1,0
369,370,1,1,370.0,0,0,69.3,B35,0,1,1,0,0
370,371,1,1,371.0,1,0,55.4417,E50,1,0,1,0,0
371,372,0,3,372.0,1,0,6.4958,0,1,0,0,0,1
372,373,0,3,373.0,0,0,8.05,0,1,0,0,0,1
373,374,0,1,374.0,0,0,135.6333,0,1,0,1,0,0
374,375,0,3,375.0,3,1,21.075,0,0,1,0,0,1
375,376,1,1,376.0,1,0,82.1708,0,0,1,1,0,0
376,377,1,3,377.0,0,0,7.25,0,0,1,0,0,1
377,378,0,1,378.0,0,2,211.5,C82,1,0,1,0,0
378,379,0,3,379.0,0,0,4.0125,0,1,0,1,0,0
379,380,0,3,380.0,0,0,7.775,0,1,0,0,0,1
380,381,1,1,381.0,0,0,227.525,0,0,1,1,0,0
381,382,1,3,382.0,0,2,15.7417,0,0,1,1,0,0
382,383,0,3,383.0,0,0,7.925,0,1,0,0,0,1
383,384,1,1,384.0,1,0,52.0,0,0,1,0,0,1
384,385,0,3,385.0,0,0,7.8958,0,1,0,0,0,1
385,386,0,2,386.0,0,0,73.5,0,1,0,0,0,1
386,387,0,3,387.0,5,2,46.9,0,1,0,0,0,1
387,388,1,2,388.0,0,0,13.0,0,0,1,0,0,1
388,389,0,3,389.0,0,0,7.7292,0,1,0,0,1,0
389,390,1,2,390.0,0,0,12.0,0,0,1,1,0,0
390,391,1,1,391.0,1,2,120.0,B96 B98,1,0,0,0,1
391,392,1,3,392.0,0,0,7.7958,0,1,0,0,0,1
392,393,0,3,393.0,2,0,7.925,0,1,0,0,0,1
393,394,1,1,394.0,1,0,113.275,D36,0,1,1,0,0
394,395,1,3,395.0,0,2,16.7,G6,0,1,0,0,1
395,396,0,3,396.0,0,0,7.7958,0,1,0,0,0,1
396,397,0,3,397.0,0,0,7.8542,0,0,1,0,0,1
397,398,0,2,398.0,0,0,26.0,0,1,0,0,0,1
398,399,0,2,399.0,0,0,10.5,0,1,0,0,0,1
399,400,1,2,400.0,0,0,12.65,0,0,1,0,0,1
400,401,1,3,401.0,0,0,7.925,0,1,0,0,0,1
401,402,0,3,402.0,0,0,8.05,0,1,0,0,0,1
402,403,0,3,403.0,1,0,9.825,0,0,1,0,0,1
403,404,0,3,404.0,1,0,15.85,0,1,0,0,0,1
404,405,0,3,405.0,0,0,8.6625,0,0,1,0,0,1
405,406,0,2,406.0,1,0,21.0,0,1,0,0,0,1
406,407,0,3,407.0,0,0,7.75,0,1,0,0,0,1
407,408,1,2,408.0,1,1,18.75,0,1,0,0,0,1
408,409,0,3,409.0,0,0,7.775,0,1,0,0,0,1
409,410,0,3,410.0,3,1,25.4667,0,0,1,0,0,1
410,411,0,3,411.0,0,0,7.8958,0,1,0,0,0,1
411,412,0,3,412.0,0,0,6.8583,0,1,0,0,1,0
412,413,1,1,413.0,1,0,90.0,C78,0,1,0,1,0
413,414,0,2,414.0,0,0,0.0,0,1,0,0,0,1
414,415,1,3,415.0,0,0,7.925,0,1,0,0,0,1
415,416,0,3,416.0,0,0,8.05,0,0,1,0,0,1
416,417,1,2,417.0,1,1,32.5,0,0,1,0,0,1
417,418,1,2,418.0,0,2,13.0,0,0,1,0,0,1
418,419,0,2,419.0,0,0,13.0,0,1,0,0,0,1
419,420,0,3,420.0,0,2,24.15,0,0,1,0,0,1
420,421,0,3,421.0,0,0,7.8958,0,1,0,1,0,0
421,422,0,3,422.0,0,0,7.7333,0,1,0,0,1,0
422,423,0,3,423.0,0,0,7.875,0,1,0,0,0,1
423,424,0,3,424.0,1,1,14.4,0,0,1,0,0,1
424,425,0,3,425.0,1,1,20.2125,0,1,0,0,0,1
425,426,0,3,426.0,0,0,7.25,0,1,0,0,0,1
426,427,1,2,427.0,1,0,26.0,0,0,1,0,0,1
427,428,1,2,428.0,0,0,26.0,0,0,1,0,0,1
428,429,0,3,429.0,0,0,7.75,0,1,0,0,1,0
429,430,1,3,430.0,0,0,8.05,E10,1,0,0,0,1
430,431,1,1,431.0,0,0,26.55,C52,1,0,0,0,1
431,432,1,3,432.0,1,0,16.1,0,0,1,0,0,1
432,433,1,2,433.0,1,0,26.0,0,0,1,0,0,1
433,434,0,3,434.0,0,0,7.125,0,1,0,0,0,1
434,435,0,1,435.0,1,0,55.9,E44,1,0,0,0,1
435,436,1,1,436.0,1,2,120.0,B96 B98,0,1,0,0,1
436,437,0,3,437.0,2,2,34.375,0,0,1,0,0,1
437,438,1,2,438.0,2,3,18.75,0,0,1,0,0,1
438,439,0,1,439.0,1,4,263.0,C23 C25 C27,1,0,0,0,1
439,440,0,2,440.0,0,0,10.5,0,1,0,0,0,1
440,441,1,2,441.0,1,1,26.25,0,0,1,0,0,1
441,442,0,3,442.0,0,0,9.5,0,1,0,0,0,1
442,443,0,3,443.0,1,0,7.775,0,1,0,0,0,1
443,444,1,2,444.0,0,0,13.0,0,0,1,0,0,1
444,445,1,3,445.0,0,0,8.1125,0,1,0,0,0,1
445,446,1,1,446.0,0,2,81.8583,A34,1,0,0,0,1
446,447,1,2,447.0,0,1,19.5,0,0,1,0,0,1
447,448,1,1,448.0,0,0,26.55,0,1,0,0,0,1
448,449,1,3,449.0,2,1,19.2583,0,0,1,1,0,0
449,450,1,1,450.0,0,0,30.5,C104,1,0,0,0,1
450,451,0,2,451.0,1,2,27.75,0,1,0,0,0,1
451,452,0,3,452.0,1,0,19.9667,0,1,0,0,0,1
452,453,0,1,453.0,0,0,27.75,C111,1,0,1,0,0
453,454,1,1,454.0,1,0,89.1042,C92,1,0,1,0,0
454,455,0,3,455.0,0,0,8.05,0,1,0,0,0,1
455,456,1,3,456.0,0,0,7.8958,0,1,0,1,0,0
456,457,0,1,457.0,0,0,26.55,E38,1,0,0,0,1
457,458,1,1,458.0,1,0,51.8625,D21,0,1,0,0,1
458,459,1,2,459.0,0,0,10.5,0,0,1,0,0,1
459,460,0,3,460.0,0,0,7.75,0,1,0,0,1,0
460,461,1,1,461.0,0,0,26.55,E12,1,0,0,0,1
461,462,0,3,462.0,0,0,8.05,0,1,0,0,0,1
462,463,0,1,463.0,0,0,38.5,E63,1,0,0,0,1
463,464,0,2,464.0,0,0,13.0,0,1,0,0,0,1
464,465,0,3,465.0,0,0,8.05,0,1,0,0,0,1
465,466,0,3,466.0,0,0,7.05,0,1,0,0,0,1
466,467,0,2,467.0,0,0,0.0,0,1,0,0,0,1
467,468,0,1,468.0,0,0,26.55,0,1,0,0,0,1
468,469,0,3,469.0,0,0,7.725,0,1,0,0,1,0
469,470,1,3,470.0,2,1,19.2583,0,0,1,1,0,0
470,471,0,3,471.0,0,0,7.25,0,1,0,0,0,1
471,472,0,3,472.0,0,0,8.6625,0,1,0,0,0,1
472,473,1,2,473.0,1,2,27.75,0,0,1,0,0,1
473,474,1,2,474.0,0,0,13.7917,D,0,1,1,0,0
474,475,0,3,475.0,0,0,9.8375,0,0,1,0,0,1
475,476,0,1,476.0,0,0,52.0,A14,1,0,0,0,1
476,477,0,2,477.0,1,0,21.0,0,1,0,0,0,1
477,478,0,3,478.0,1,0,7.0458,0,1,0,0,0,1
478,479,0,3,479.0,0,0,7.5208,0,1,0,0,0,1
479,480,1,3,480.0,0,1,12.2875,0,0,1,0,0,1
480,481,0,3,481.0,5,2,46.9,0,1,0,0,0,1
481,482,0,2,482.0,0,0,0.0,0,1,0,0,0,1
482,483,0,3,483.0,0,0,8.05,0,1,0,0,0,1
483,484,1,3,484.0,0,0,9.5875,0,0,1,0,0,1
484,485,1,1,485.0,1,0,91.0792,B49,1,0,1,0,0
485,486,0,3,486.0,3,1,25.4667,0,0,1,0,0,1
486,487,1,1,487.0,1,0,90.0,C93,0,1,0,0,1
487,488,0,1,488.0,0,0,29.7,B37,1,0,1,0,0
488,489,0,3,489.0,0,0,8.05,0,1,0,0,0,1
489,490,1,3,490.0,1,1,15.9,0,1,0,0,0,1
490,491,0,3,491.0,1,0,19.9667,0,1,0,0,0,1
491,492,0,3,492.0,0,0,7.25,0,1,0,0,0,1
492,493,0,1,493.0,0,0,30.5,C30,1,0,0,0,1
493,494,0,1,494.0,0,0,49.5042,0,1,0,1,0,0
494,495,0,3,495.0,0,0,8.05,0,1,0,0,0,1
495,496,0,3,496.0,0,0,14.4583,0,1,0,1,0,0
496,497,1,1,497.0,1,0,78.2667,D20,0,1,1,0,0
497,498,0,3,498.0,0,0,15.1,0,1,0,0,0,1
498,499,0,1,499.0,1,2,151.55,C22 C26,0,1,0,0,1
499,500,0,3,500.0,0,0,7.7958,0,1,0,0,0,1
500,501,0,3,501.0,0,0,8.6625,0,1,0,0,0,1
501,502,0,3,502.0,0,0,7.75,0,0,1,0,1,0
502,503,0,3,503.0,0,0,7.6292,0,0,1,0,1,0
503,504,0,3,504.0,0,0,9.5875,0,0,1,0,0,1
504,505,1,1,505.0,0,0,86.5,B79,0,1,0,0,1
505,506,0,1,506.0,1,0,108.9,C65,1,0,1,0,0
506,507,1,2,507.0,0,2,26.0,0,0,1,0,0,1
507,508,1,1,508.0,0,0,26.55,0,1,0,0,0,1
508,509,0,3,509.0,0,0,22.525,0,1,0,0,0,1
509,510,1,3,510.0,0,0,56.4958,0,1,0,0,0,1
510,511,1,3,511.0,0,0,7.75,0,1,0,0,1,0
511,512,0,3,512.0,0,0,8.05,0,1,0,0,0,1
512,513,1,1,513.0,0,0,26.2875,E25,1,0,0,0,1
513,514,1,1,514.0,1,0,59.4,0,0,1,1,0,0
514,515,0,3,515.0,0,0,7.4958,0,1,0,0,0,1
515,516,0,1,516.0,0,0,34.0208,D46,1,0,0,0,1
516,517,1,2,517.0,0,0,10.5,F33,0,1,0,0,1
517,518,0,3,518.0,0,0,24.15,0,1,0,0,1,0
518,519,1,2,519.0,1,0,26.0,0,0,1,0,0,1
519,520,0,3,520.0,0,0,7.8958,0,1,0,0,0,1
520,521,1,1,521.0,0,0,93.5,B73,0,1,0,0,1
521,522,0,3,522.0,0,0,7.8958,0,1,0,0,0,1
522,523,0,3,523.0,0,0,7.225,0,1,0,1,0,0
523,524,1,1,524.0,0,1,57.9792,B18,0,1,1,0,0
524,525,0,3,525.0,0,0,7.2292,0,1,0,1,0,0
525,526,0,3,526.0,0,0,7.75,0,1,0,0,1,0
526,527,1,2,527.0,0,0,10.5,0,0,1,0,0,1
527,528,0,1,528.0,0,0,221.7792,C95,1,0,0,0,1
528,529,0,3,529.0,0,0,7.925,0,1,0,0,0,1
529,530,0,2,530.0,2,1,11.5,0,1,0,0,0,1
530,531,1,2,531.0,1,1,26.0,0,0,1,0,0,1
531,532,0,3,532.0,0,0,7.2292,0,1,0,1,0,0
532,533,0,3,533.0,1,1,7.2292,0,1,0,1,0,0
533,534,1,3,534.0,0,2,22.3583,0,0,1,1,0,0
534,535,0,3,535.0,0,0,8.6625,0,0,1,0,0,1
535,536,1,2,536.0,0,2,26.25,0,0,1,0,0,1
536,537,0,1,537.0,0,0,26.55,B38,1,0,0,0,1
537,538,1,1,538.0,0,0,106.425,0,0,1,1,0,0
538,539,0,3,539.0,0,0,14.5,0,1,0,0,0,1
539,540,1,1,540.0,0,2,49.5,B39,0,1,1,0,0
540,541,1,1,541.0,0,2,71.0,B22,0,1,0,0,1
541,542,0,3,542.0,4,2,31.275,0,0,1,0,0,1
542,543,0,3,543.0,4,2,31.275,0,0,1,0,0,1
543,544,1,2,544.0,1,0,26.0,0,1,0,0,0,1
544,545,0,1,545.0,1,0,106.425,C86,1,0,1,0,0
545,546,0,1,546.0,0,0,26.0,0,1,0,0,0,1
546,547,1,2,547.0,1,0,26.0,0,0,1,0,0,1
547,548,1,2,548.0,0,0,13.8625,0,1,0,1,0,0
548,549,0,3,549.0,1,1,20.525,0,1,0,0,0,1
549,550,1,2,550.0,1,1,36.75,0,1,0,0,0,1
550,551,1,1,551.0,0,2,110.8833,C70,1,0,1,0,0
551,552,0,2,552.0,0,0,26.0,0,1,0,0,0,1
552,553,0,3,553.0,0,0,7.8292,0,1,0,0,1,0
553,554,1,3,554.0,0,0,7.225,0,1,0,1,0,0
554,555,1,3,555.0,0,0,7.775,0,0,1,0,0,1
555,556,0,1,556.0,0,0,26.55,0,1,0,0,0,1
556,557,1,1,557.0,1,0,39.6,A16,0,1,1,0,0
557,558,0,1,558.0,0,0,227.525,0,1,0,1,0,0
558,559,1,1,559.0,1,1,79.65,E67,0,1,0,0,1
559,560,1,3,560.0,1,0,17.4,0,0,1,0,0,1
560,561,0,3,561.0,0,0,7.75,0,1,0,0,1,0
561,562,0,3,562.0,0,0,7.8958,0,1,0,0,0,1
562,563,0,2,563.0,0,0,13.5,0,1,0,0,0,1
563,564,0,3,564.0,0,0,8.05,0,1,0,0,0,1
564,565,0,3,565.0,0,0,8.05,0,0,1,0,0,1
565,566,0,3,566.0,2,0,24.15,0,1,0,0,0,1
566,567,0,3,567.0,0,0,7.8958,0,1,0,0,0,1
567,568,0,3,568.0,0,4,21.075,0,0,1,0,0,1
568,569,0,3,569.0,0,0,7.2292,0,1,0,1,0,0
569,570,1,3,570.0,0,0,7.8542,0,1,0,0,0,1
570,571,1,2,571.0,0,0,10.5,0,1,0,0,0,1
571,572,1,1,572.0,2,0,51.4792,C101,0,1,0,0,1
572,573,1,1,573.0,0,0,26.3875,E25,1,0,0,0,1
573,574,1,3,574.0,0,0,7.75,0,0,1,0,1,0
574,575,0,3,575.0,0,0,8.05,0,1,0,0,0,1
575,576,0,3,576.0,0,0,14.5,0,1,0,0,0,1
576,577,1,2,577.0,0,0,13.0,0,0,1,0,0,1
577,578,1,1,578.0,1,0,55.9,E44,0,1,0,0,1
578,579,0,3,579.0,1,0,14.4583,0,0,1,1,0,0
579,580,1,3,580.0,0,0,7.925,0,1,0,0,0,1
580,581,1,2,581.0,1,1,30.0,0,0,1,0,0,1
581,582,1,1,582.0,1,1,110.8833,C68,0,1,1,0,0
582,583,0,2,583.0,0,0,26.0,0,1,0,0,0,1
583,584,0,1,584.0,0,0,40.125,A10,1,0,1,0,0
584,585,0,3,585.0,0,0,8.7125,0,1,0,1,0,0
585,586,1,1,586.0,0,2,79.65,E68,0,1,0,0,1
586,587,0,2,587.0,0,0,15.0,0,1,0,0,0,1
587,588,1,1,588.0,1,1,79.2,B41,1,0,1,0,0
588,589,0,3,589.0,0,0,8.05,0,1,0,0,0,1
589,590,0,3,590.0,0,0,8.05,0,1,0,0,0,1
590,591,0,3,591.0,0,0,7.125,0,1,0,0,0,1
591,592,1,1,592.0,1,0,78.2667,D20,0,1,1,0,0
592,593,0,3,593.0,0,0,7.25,0,1,0,0,0,1
593,594,0,3,594.0,0,2,7.75,0,0,1,0,1,0
594,595,0,2,595.0,1,0,26.0,0,1,0,0,0,1
595,596,0,3,596.0,1,1,24.15,0,1,0,0,0,1
596,597,1,2,597.0,0,0,33.0,0,0,1,0,0,1
597,598,0,3,598.0,0,0,0.0,0,1,0,0,0,1
598,599,0,3,599.0,0,0,7.225,0,1,0,1,0,0
599,600,1,1,600.0,1,0,56.9292,A20,1,0,1,0,0
600,601,1,2,601.0,2,1,27.0,0,0,1,0,0,1
601,602,0,3,602.0,0,0,7.8958,0,1,0,0,0,1
602,603,0,1,603.0,0,0,42.4,0,1,0,0,0,1
603,604,0,3,604.0,0,0,8.05,0,1,0,0,0,1
604,605,1,1,605.0,0,0,26.55,0,1,0,1,0,0
605,606,0,3,606.0,1,0,15.55,0,1,0,0,0,1
606,607,0,3,607.0,0,0,7.8958,0,1,0,0,0,1
607,608,1,1,608.0,0,0,30.5,0,1,0,0,0,1
608,609,1,2,609.0,1,2,41.5792,0,0,1,1,0,0
609,610,1,1,610.0,0,0,153.4625,C125,0,1,0,0,1
610,611,0,3,611.0,1,5,31.275,0,0,1,0,0,1
611,612,0,3,612.0,0,0,7.05,0,1,0,0,0,1
612,613,1,3,613.0,1,0,15.5,0,0,1,0,1,0
613,614,0,3,614.0,0,0,7.75,0,1,0,0,1,0
614,615,0,3,615.0,0,0,8.05,0,1,0,0,0,1
615,616,1,2,616.0,1,2,65.0,0,0,1,0,0,1
616,617,0,3,617.0,1,1,14.4,0,1,0,0,0,1
617,618,0,3,618.0,1,0,16.1,0,0,1,0,0,1
618,619,1,2,619.0,2,1,39.0,F4,0,1,0,0,1
619,620,0,2,620.0,0,0,10.5,0,1,0,0,0,1
620,621,0,3,621.0,1,0,14.4542,0,1,0,1,0,0
621,622,1,1,622.0,1,0,52.5542,D19,1,0,0,0,1
622,623,1,3,623.0,1,1,15.7417,0,1,0,1,0,0
623,624,0,3,624.0,0,0,7.8542,0,1,0,0,0,1
624,625,0,3,625.0,0,0,16.1,0,1,0,0,0,1
625,626,0,1,626.0,0,0,32.3208,D50,1,0,0,0,1
626,627,0,2,627.0,0,0,12.35,0,1,0,0,1,0
627,628,1,1,628.0,0,0,77.9583,D9,0,1,0,0,1
628,629,0,3,629.0,0,0,7.8958,0,1,0,0,0,1
629,630,0,3,630.0,0,0,7.7333,0,1,0,0,1,0
630,631,1,1,631.0,0,0,30.0,A23,1,0,0,0,1
631,632,0,3,632.0,0,0,7.0542,0,1,0,0,0,1
632,633,1,1,633.0,0,0,30.5,B50,1,0,1,0,0
633,634,0,1,634.0,0,0,0.0,0,1,0,0,0,1
634,635,0,3,635.0,3,2,27.9,0,0,1,0,0,1
635,636,1,2,636.0,0,0,13.0,0,0,1,0,0,1
636,637,0,3,637.0,0,0,7.925,0,1,0,0,0,1
637,638,0,2,638.0,1,1,26.25,0,1,0,0,0,1
638,639,0,3,639.0,0,5,39.6875,0,0,1,0,0,1
639,640,0,3,640.0,1,0,16.1,0,1,0,0,0,1
640,641,0,3,641.0,0,0,7.8542,0,1,0,0,0,1
641,642,1,1,642.0,0,0,69.3,B35,0,1,1,0,0
642,643,0,3,643.0,3,2,27.9,0,0,1,0,0,1
643,644,1,3,644.0,0,0,56.4958,0,1,0,0,0,1
644,645,1,3,645.0,2,1,19.2583,0,0,1,1,0,0
645,646,1,1,646.0,1,0,76.7292,D33,1,0,1,0,0
646,647,0,3,647.0,0,0,7.8958,0,1,0,0,0,1
647,648,1,1,648.0,0,0,35.5,A26,1,0,1,0,0
648,649,0,3,649.0,0,0,7.55,0,1,0,0,0,1
649,650,1,3,650.0,0,0,7.55,0,0,1,0,0,1
650,651,0,3,651.0,0,0,7.8958,0,1,0,0,0,1
651,652,1,2,652.0,0,1,23.0,0,0,1,0,0,1
652,653,0,3,653.0,0,0,8.4333,0,1,0,0,0,1
653,654,1,3,654.0,0,0,7.8292,0,0,1,0,1,0
654,655,0,3,655.0,0,0,6.75,0,0,1,0,1,0
655,656,0,2,656.0,2,0,73.5,0,1,0,0,0,1
656,657,0,3,657.0,0,0,7.8958,0,1,0,0,0,1
657,658,0,3,658.0,1,1,15.5,0,0,1,0,1,0
658,659,0,2,659.0,0,0,13.0,0,1,0,0,0,1
659,660,0,1,660.0,0,2,113.275,D48,1,0,1,0,0
660,661,1,1,661.0,2,0,133.65,0,1,0,0,0,1
661,662,0,3,662.0,0,0,7.225,0,1,0,1,0,0
662,663,0,1,663.0,0,0,25.5875,E58,1,0,0,0,1
663,664,0,3,664.0,0,0,7.4958,0,1,0,0,0,1
664,665,1,3,665.0,1,0,7.925,0,1,0,0,0,1
665,666,0,2,666.0,2,0,73.5,0,1,0,0,0,1
666,667,0,2,667.0,0,0,13.0,0,1,0,0,0,1
667,668,0,3,668.0,0,0,7.775,0,1,0,0,0,1
668,669,0,3,669.0,0,0,8.05,0,1,0,0,0,1
669,670,1,1,670.0,1,0,52.0,C126,0,1,0,0,1
670,671,1,2,671.0,1,1,39.0,0,0,1,0,0,1
671,672,0,1,672.0,1,0,52.0,B71,1,0,0,0,1
672,673,0,2,673.0,0,0,10.5,0,1,0,0,0,1
673,674,1,2,674.0,0,0,13.0,0,1,0,0,0,1
674,675,0,2,675.0,0,0,0.0,0,1,0,0,0,1
675,676,0,3,676.0,0,0,7.775,0,1,0,0,0,1
676,677,0,3,677.0,0,0,8.05,0,1,0,0,0,1
677,678,1,3,678.0,0,0,9.8417,0,0,1,0,0,1
678,679,0,3,679.0,1,6,46.9,0,0,1,0,0,1
679,680,1,1,680.0,0,1,512.3292,B51 B53 B55,1,0,1,0,0
680,681,0,3,681.0,0,0,8.1375,0,0,1,0,1,0
681,682,1,1,682.0,0,0,76.7292,D49,1,0,1,0,0
682,683,0,3,683.0,0,0,9.225,0,1,0,0,0,1
683,684,0,3,684.0,5,2,46.9,0,1,0,0,0,1
684,685,0,2,685.0,1,1,39.0,0,1,0,0,0,1
685,686,0,2,686.0,1,2,41.5792,0,1,0,1,0,0
686,687,0,3,687.0,4,1,39.6875,0,1,0,0,0,1
687,688,0,3,688.0,0,0,10.1708,0,1,0,0,0,1
688,689,0,3,689.0,0,0,7.7958,0,1,0,0,0,1
689,690,1,1,690.0,0,1,211.3375,B5,0,1,0,0,1
690,691,1,1,691.0,1,0,57.0,B20,1,0,0,0,1
691,692,1,3,692.0,0,1,13.4167,0,0,1,1,0,0
692,693,1,3,693.0,0,0,56.4958,0,1,0,0,0,1
693,694,0,3,694.0,0,0,7.225,0,1,0,1,0,0
694,695,0,1,695.0,0,0,26.55,0,1,0,0,0,1
695,696,0,2,696.0,0,0,13.5,0,1,0,0,0,1
696,697,0,3,697.0,0,0,8.05,0,1,0,0,0,1
697,698,1,3,698.0,0,0,7.7333,0,0,1,0,1,0
698,699,0,1,699.0,1,1,110.8833,C68,1,0,1,0,0
699,700,0,3,700.0,0,0,7.65,F G63,1,0,0,0,1
700,701,1,1,701.0,1,0,227.525,C62 C64,0,1,1,0,0
701,702,1,1,702.0,0,0,26.2875,E24,1,0,0,0,1
702,703,0,3,703.0,0,1,14.4542,0,0,1,1,0,0
703,704,0,3,704.0,0,0,7.7417,0,1,0,0,1,0
704,705,0,3,705.0,1,0,7.8542,0,1,0,0,0,1
705,706,0,2,706.0,0,0,26.0,0,1,0,0,0,1
706,707,1,2,707.0,0,0,13.5,0,0,1,0,0,1
707,708,1,1,708.0,0,0,26.2875,E24,1,0,0,0,1
708,709,1,1,709.0,0,0,151.55,0,0,1,0,0,1
709,710,1,3,710.0,1,1,15.2458,0,1,0,1,0,0
710,711,1,1,711.0,0,0,49.5042,C90,0,1,1,0,0
711,712,0,1,712.0,0,0,26.55,C124,1,0,0,0,1
712,713,1,1,713.0,1,0,52.0,C126,1,0,0,0,1
713,714,0,3,714.0,0,0,9.4833,0,1,0,0,0,1
714,715,0,2,715.0,0,0,13.0,0,1,0,0,0,1
715,716,0,3,716.0,0,0,7.65,F G73,1,0,0,0,1
716,717,1,1,717.0,0,0,227.525,C45,0,1,1,0,0
717,718,1,2,718.0,0,0,10.5,E101,0,1,0,0,1
718,719,0,3,719.0,0,0,15.5,0,1,0,0,1,0
719,720,0,3,720.0,0,0,7.775,0,1,0,0,0,1
720,721,1,2,721.0,0,1,33.0,0,0,1,0,0,1
721,722,0,3,722.0,1,0,7.0542,0,1,0,0,0,1
722,723,0,2,723.0,0,0,13.0,0,1,0,0,0,1
723,724,0,2,724.0,0,0,13.0,0,1,0,0,0,1
724,725,1,1,725.0,1,0,53.1,E8,1,0,0,0,1
725,726,0,3,726.0,0,0,8.6625,0,1,0,0,0,1
726,727,1,2,727.0,3,0,21.0,0,0,1,0,0,1
727,728,1,3,728.0,0,0,7.7375,0,0,1,0,1,0
728,729,0,2,729.0,1,0,26.0,0,1,0,0,0,1
729,730,0,3,730.0,1,0,7.925,0,0,1,0,0,1
730,731,1,1,731.0,0,0,211.3375,B5,0,1,0,0,1
731,732,0,3,732.0,0,0,18.7875,0,1,0,1,0,0
732,733,0,2,733.0,0,0,0.0,0,1,0,0,0,1
733,734,0,2,734.0,0,0,13.0,0,1,0,0,0,1
734,735,0,2,735.0,0,0,13.0,0,1,0,0,0,1
735,736,0,3,736.0,0,0,16.1,0,1,0,0,0,1
736,737,0,3,737.0,1,3,34.375,0,0,1,0,0,1
737,738,1,1,738.0,0,0,512.3292,B101,1,0,1,0,0
738,739,0,3,739.0,0,0,7.8958,0,1,0,0,0,1
739,740,0,3,740.0,0,0,7.8958,0,1,0,0,0,1
740,741,1,1,741.0,0,0,30.0,D45,1,0,0,0,1
741,742,0,1,742.0,1,0,78.85,C46,1,0,0,0,1
742,743,1,1,743.0,2,2,262.375,B57 B59 B63 B66,0,1,1,0,0
743,744,0,3,744.0,1,0,16.1,0,1,0,0,0,1
744,745,1,3,745.0,0,0,7.925,0,1,0,0,0,1
745,746,0,1,746.0,1,1,71.0,B22,1,0,0,0,1
746,747,0,3,747.0,1,1,20.25,0,1,0,0,0,1
747,748,1,2,748.0,0,0,13.0,0,0,1,0,0,1
748,749,0,1,749.0,1,0,53.1,D30,1,0,0,0,1
749,750,0,3,750.0,0,0,7.75,0,1,0,0,1,0
750,751,1,2,751.0,1,1,23.0,0,0,1,0,0,1
751,752,1,3,752.0,0,1,12.475,E121,1,0,0,0,1
752,753,0,3,753.0,0,0,9.5,0,1,0,0,0,1
753,754,0,3,754.0,0,0,7.8958,0,1,0,0,0,1
754,755,1,2,755.0,1,2,65.0,0,0,1,0,0,1
755,756,1,2,756.0,1,1,14.5,0,1,0,0,0,1
756,757,0,3,757.0,0,0,7.7958,0,1,0,0,0,1
757,758,0,2,758.0,0,0,11.5,0,1,0,0,0,1
758,759,0,3,759.0,0,0,8.05,0,1,0,0,0,1
759,760,1,1,760.0,0,0,86.5,B77,0,1,0,0,1
760,761,0,3,761.0,0,0,14.5,0,1,0,0,0,1
761,762,0,3,762.0,0,0,7.125,0,1,0,0,0,1
762,763,1,3,763.0,0,0,7.2292,0,1,0,1,0,0
763,764,1,1,764.0,1,2,120.0,B96 B98,0,1,0,0,1
764,765,0,3,765.0,0,0,7.775,0,1,0,0,0,1
765,766,1,1,766.0,1,0,77.9583,D11,0,1,0,0,1
766,767,0,1,767.0,0,0,39.6,0,1,0,1,0,0
767,768,0,3,768.0,0,0,7.75,0,0,1,0,1,0
768,769,0,3,769.0,1,0,24.15,0,1,0,0,1,0
769,770,0,3,770.0,0,0,8.3625,0,1,0,0,0,1
770,771,0,3,771.0,0,0,9.5,0,1,0,0,0,1
771,772,0,3,772.0,0,0,7.8542,0,1,0,0,0,1
772,773,0,2,773.0,0,0,10.5,E77,0,1,0,0,1
773,774,0,3,774.0,0,0,7.225,0,1,0,1,0,0
774,775,1,2,775.0,1,3,23.0,0,0,1,0,0,1
775,776,0,3,776.0,0,0,7.75,0,1,0,0,0,1
776,777,0,3,777.0,0,0,7.75,F38,1,0,0,1,0
777,778,1,3,778.0,0,0,12.475,0,0,1,0,0,1
778,779,0,3,779.0,0,0,7.7375,0,1,0,0,1,0
779,780,1,1,780.0,0,1,211.3375,B3,0,1,0,0,1
780,781,1,3,781.0,0,0,7.2292,0,0,1,1,0,0
781,782,1,1,782.0,1,0,57.0,B20,0,1,0,0,1
782,783,0,1,783.0,0,0,30.0,D6,1,0,0,0,1
783,784,0,3,784.0,1,2,23.45,0,1,0,0,0,1
784,785,0,3,785.0,0,0,7.05,0,1,0,0,0,1
785,786,0,3,786.0,0,0,7.25,0,1,0,0,0,1
786,787,1,3,787.0,0,0,7.4958,0,0,1,0,0,1
787,788,0,3,788.0,4,1,29.125,0,1,0,0,1,0
788,789,1,3,789.0,1,2,20.575,0,1,0,0,0,1
789,790,0,1,790.0,0,0,79.2,B82 B84,1,0,1,0,0
790,791,0,3,791.0,0,0,7.75,0,1,0,0,1,0
791,792,0,2,792.0,0,0,26.0,0,1,0,0,0,1
792,793,0,3,793.0,8,2,69.55,0,0,1,0,0,1
793,794,0,1,794.0,0,0,30.6958,0,1,0,1,0,0
794,795,0,3,795.0,0,0,7.8958,0,1,0,0,0,1
795,796,0,2,796.0,0,0,13.0,0,1,0,0,0,1
796,797,1,1,797.0,0,0,25.9292,D17,0,1,0,0,1
797,798,1,3,798.0,0,0,8.6833,0,0,1,0,0,1
798,799,0,3,799.0,0,0,7.2292,0,1,0,1,0,0
799,800,0,3,800.0,1,1,24.15,0,0,1,0,0,1
800,801,0,2,801.0,0,0,13.0,0,1,0,0,0,1
801,802,1,2,802.0,1,1,26.25,0,0,1,0,0,1
802,803,1,1,803.0,1,2,120.0,B96 B98,1,0,0,0,1
803,804,1,3,804.0,0,1,8.5167,0,1,0,1,0,0
804,805,1,3,805.0,0,0,6.975,0,1,0,0,0,1
805,806,0,3,806.0,0,0,7.775,0,1,0,0,0,1
806,807,0,1,807.0,0,0,0.0,A36,1,0,0,0,1
807,808,0,3,808.0,0,0,7.775,0,0,1,0,0,1
808,809,0,2,809.0,0,0,13.0,0,1,0,0,0,1
809,810,1,1,810.0,1,0,53.1,E8,0,1,0,0,1
810,811,0,3,811.0,0,0,7.8875,0,1,0,0,0,1
811,812,0,3,812.0,0,0,24.15,0,1,0,0,0,1
812,813,0,2,813.0,0,0,10.5,0,1,0,0,0,1
813,814,0,3,814.0,4,2,31.275,0,0,1,0,0,1
814,815,0,3,815.0,0,0,8.05,0,1,0,0,0,1
815,816,0,1,816.0,0,0,0.0,B102,1,0,0,0,1
816,817,0,3,817.0,0,0,7.925,0,0,1,0,0,1
817,818,0,2,818.0,1,1,37.0042,0,1,0,1,0,0
818,819,0,3,819.0,0,0,6.45,0,1,0,0,0,1
819,820,0,3,820.0,3,2,27.9,0,1,0,0,0,1
820,821,1,1,821.0,1,1,93.5,B69,0,1,0,0,1
821,822,1,3,822.0,0,0,8.6625,0,1,0,0,0,1
822,823,0,1,823.0,0,0,0.0,0,1,0,0,0,1
823,824,1,3,824.0,0,1,12.475,E121,0,1,0,0,1
824,825,0,3,825.0,4,1,39.6875,0,1,0,0,0,1
825,826,0,3,826.0,0,0,6.95,0,1,0,0,1,0
826,827,0,3,827.0,0,0,56.4958,0,1,0,0,0,1
827,828,1,2,828.0,0,2,37.0042,0,1,0,1,0,0
828,829,1,3,829.0,0,0,7.75,0,1,0,0,1,0
830,831,1,3,831.0,1,0,14.4542,0,0,1,1,0,0
831,832,1,2,832.0,1,1,18.75,0,1,0,0,0,1
832,833,0,3,833.0,0,0,7.2292,0,1,0,1,0,0
833,834,0,3,834.0,0,0,7.8542,0,1,0,0,0,1
834,835,0,3,835.0,0,0,8.3,0,1,0,0,0,1
835,836,1,1,836.0,1,1,83.1583,E49,0,1,1,0,0
836,837,0,3,837.0,0,0,8.6625,0,1,0,0,0,1
837,838,0,3,838.0,0,0,8.05,0,1,0,0,0,1
838,839,1,3,839.0,0,0,56.4958,0,1,0,0,0,1
839,840,1,1,840.0,0,0,29.7,C47,1,0,1,0,0
840,841,0,3,841.0,0,0,7.925,0,1,0,0,0,1
841,842,0,2,842.0,0,0,10.5,0,1,0,0,0,1
842,843,1,1,843.0,0,0,31.0,0,0,1,1,0,0
843,844,0,3,844.0,0,0,6.4375,0,1,0,1,0,0
844,845,0,3,845.0,0,0,8.6625,0,1,0,0,0,1
845,846,0,3,846.0,0,0,7.55,0,1,0,0,0,1
846,847,0,3,847.0,8,2,69.55,0,1,0,0,0,1
847,848,0,3,848.0,0,0,7.8958,0,1,0,1,0,0
848,849,0,2,849.0,0,1,33.0,0,1,0,0,0,1
849,850,1,1,850.0,1,0,89.1042,C92,0,1,1,0,0
850,851,0,3,851.0,4,2,31.275,0,1,0,0,0,1
851,852,0,3,852.0,0,0,7.775,0,1,0,0,0,1
852,853,0,3,853.0,1,1,15.2458,0,0,1,1,0,0
853,854,1,1,854.0,0,1,39.4,D28,0,1,0,0,1
854,855,0,2,855.0,1,0,26.0,0,0,1,0,0,1
855,856,1,3,856.0,0,1,9.35,0,0,1,0,0,1
856,857,1,1,857.0,1,1,164.8667,0,0,1,0,0,1
857,858,1,1,858.0,0,0,26.55,E17,1,0,0,0,1
858,859,1,3,859.0,0,3,19.2583,0,0,1,1,0,0
859,860,0,3,860.0,0,0,7.2292,0,1,0,1,0,0
860,861,0,3,861.0,2,0,14.1083,0,1,0,0,0,1
861,862,0,2,862.0,1,0,11.5,0,1,0,0,0,1
862,863,1,1,863.0,0,0,25.9292,D17,0,1,0,0,1
863,864,0,3,864.0,8,2,69.55,0,0,1,0,0,1
864,865,0,2,865.0,0,0,13.0,0,1,0,0,0,1
865,866,1,2,866.0,0,0,13.0,0,0,1,0,0,1
866,867,1,2,867.0,1,0,13.8583,0,0,1,1,0,0
867,868,0,1,868.0,0,0,50.4958,A24,1,0,0,0,1
868,869,0,3,869.0,0,0,9.5,0,1,0,0,0,1
869,870,1,3,870.0,1,1,11.1333,0,1,0,0,0,1
870,871,0,3,871.0,0,0,7.8958,0,1,0,0,0,1
871,872,1,1,872.0,1,1,52.5542,D35,0,1,0,0,1
872,873,0,1,873.0,0,0,5.0,B51 B53 B55,1,0,0,0,1
873,874,0,3,874.0,0,0,9.0,0,1,0,0,0,1
874,875,1,2,875.0,1,0,24.0,0,0,1,1,0,0
875,876,1,3,876.0,0,0,7.225,0,0,1,1,0,0
876,877,0,3,877.0,0,0,9.8458,0,1,0,0,0,1
877,878,0,3,878.0,0,0,7.8958,0,1,0,0,0,1
878,879,0,3,879.0,0,0,7.8958,0,1,0,0,0,1
879,880,1,1,880.0,0,1,83.1583,C50,0,1,1,0,0
880,881,1,2,881.0,0,1,26.0,0,0,1,0,0,1
881,882,0,3,882.0,0,0,7.8958,0,1,0,0,0,1
882,883,0,3,883.0,0,0,10.5167,0,0,1,0,0,1
883,884,0,2,884.0,0,0,10.5,0,1,0,0,0,1
884,885,0,3,885.0,0,0,7.05,0,1,0,0,0,1
885,886,0,3,886.0,0,5,29.125,0,0,1,0,1,0
886,887,0,2,887.0,0,0,13.0,0,1,0,0,0,1
887,888,1,1,888.0,0,0,30.0,B42,0,1,0,0,1
888,889,0,3,889.0,1,2,23.45,0,0,1,0,0,1
889,890,1,1,890.0,0,0,30.0,C148,1,0,1,0,0
890,891,0,3,891.0,0,0,7.75,0,1,0,0,1,0
